SET NAMES utf8;
INSERT INTO language (id, isocode) 
VALUES (1, 'fr'), (2, 'en');

INSERT INTO languagelabel (id, content, languageid)
VALUES (1, 'Français', 1), (2, 'Anglais', 2);

INSERT INTO product (id, price, photo)
VALUES 
(1, 5.30, 'cd_efico'),
(2,  4.25, 'cd_milano'),
(3, 3.99, 'colomgrains'),
(4,  6.22, 'costagrain'),
(5,  7.99, 'decafaine_d'),
(6, 8.50, 'melange_delahaut'),
(7, 5.36, 'pads_colombie'),
(8, 5.87, 'pads_costarica'),
(9, 5.12, 'pads_deca'),
(10, 6.28, 'pads_italien'),
(11, 7.88, 'pads_italien'),
(12, 25.99, 'pg_belge'),
(13, 31.85, 'pg_classique'),
(14, 50.99, 'pg_delice'),
(15, 4.99, 'pur_arabica_eth');

INSERT INTO productlabel (id, content, productid, languageid)
VALUES 
(1, 'Café en grains efico', 1, 1),
(2, 'Café en grains milano', 2, 1),
(3, 'Café en grains colom', 3, 1),
(4, 'Café en grains costa', 4, 1),
(5, 'Décafainé en capsules', 5, 1),
(6, 'Mélange Delahaut en capsules', 6, 1),
(7, 'Pads colombie', 7, 1),
(8, 'Pads costarica', 8, 1),
(9, 'Pads déca', 9, 1),
(10, 'Pads italien', 10, 1),
(11, 'Pads moca', 11, 1),
(12, 'Panier garnis belge', 12, 1),
(13, 'Panier garnis classique', 13, 1),
(14, 'Panier garnis délice', 14, 1),
(15, 'Pur arabica en capsules', 15, 1),
(16, 'Efico coffee beans', 1, 2),
(17, 'Milano coffee beans', 2, 2),
(18, 'Colom coffee beans', 3, 2),
(19, 'Costa coffee beans', 4, 2),
(20, 'Decaffeinated capsule', 5, 2),
(21, 'Mix Delahaut capsule', 6, 2),
(22, 'Padscolombie', 7, 2),
(23, 'Pads costarica', 8, 2),
(24, 'Pads deca', 9, 2),
(25, 'Pads italien', 10, 2),
(26, 'Pads moca', 11, 2),
(27, 'Gift basket belge', 12, 2),
(28, 'Gift basket classique', 13, 2),
(29, 'Gift basket delice', 14, 2),
(30, 'Pure arabica capsule', 15, 2);

INSERT INTO description (id, content, productid, languageid) 
VALUES 
(1, 'C’est un café arabica corsé, puissant avec toutefois une pointe d’acidité qui rend un équilibre divin. De toutes les régions productrices de café arabica celle de la vallée centrale du Tarrazu est la plus renommée. Aussi appelée « Los Santos », la région du Tarrazu est un prestigieux terroir de la cordillère centre-américaine, située entre 1600 et 2000 m. d’altitude. Afin de préserver ses variétés d’Arabicas telles que le Typica, le Caturra et le Villa Sarchi, l’État a interdit la production du Robusta sur son territoire. Le café du Costa Rica est souvent utilisé par les baristas en raison de sa qualité et de son corps remarquables. Ce café est tout simplement savoureux!', 1, 1),
(2, 'A l''intérieur de la Box Découverte, vous découvrirez 6 grands crus et une fiche explicative sur les différentes origines. Les cafés sont présentés dans des paquets de 150 grammes. Vous pourrez déguster la douceur extrême du Maragogype, les notes fruitées du café Colombien Excelso, le parfait équilibre de notre Mélange Delahaut, le pur arabica du Tarrazu de Costa Rica, l''élégance du café de Nicaragua mais également la persistance et la petite pointe d''acidité qu''on retrouve dans le café supérieur du Kenya... Un vrai voyage dans merveilleux monde du café !', 2, 1),
(3, 'C’est un café arabica corsé, puissant avec toutefois une pointe d’acidité qui rend un équilibre divin. De toutes les régions productrices de café arabica celle de la vallée centrale du Tarrazu est la plus renommée. Aussi appelée « Los Santos », la région du Tarrazu est un prestigieux terroir de la cordillère centre-américaine, située entre 1600 et 2000 m. d’altitude. Afin de préserver ses variétés d’Arabicas telles que le Typica, le Caturra et le Villa Sarchi, l’État a interdit la production du Robusta sur son territoire. Le café du Costa Rica est souvent utilisé par les baristas en raison de sa qualité et de son corps remarquables. Ce café est tout simplement savoureux!', 3, 1),
(4, 'A l''intérieur de la Box Découverte, vous découvrirez 6 grands crus et une fiche explicative sur les différentes origines. Les cafés sont présentés dans des paquets de 150 grammes. Vous pourrez déguster la douceur extrême du Maragogype, les notes fruitées du café Colombien Excelso, le parfait équilibre de notre Mélange Delahaut, le pur arabica du Tarrazu de Costa Rica, l''élégance du café de Nicaragua mais également la persistance et la petite pointe d''acidité qu''on retrouve dans le café supérieur du Kenya... Un vrai voyage dans merveilleux monde du café !', 4, 1),
(5, 'C’est un café arabica corsé, puissant avec toutefois une pointe d’acidité qui rend un équilibre divin. De toutes les régions productrices de café arabica celle de la vallée centrale du Tarrazu est la plus renommée. Aussi appelée « Los Santos », la région du Tarrazu est un prestigieux terroir de la cordillère centre-américaine, située entre 1600 et 2000 m. d’altitude. Afin de préserver ses variétés d’Arabicas telles que le Typica, le Caturra et le Villa Sarchi, l’État a interdit la production du Robusta sur son territoire. Le café du Costa Rica est souvent utilisé par les baristas en raison de sa qualité et de son corps remarquables. Ce café est tout simplement savoureux!', 5, 1),
(6, 'A l''intérieur de la Box Découverte, vous découvrirez 6 grands crus et une fiche explicative sur les différentes origines. Les cafés sont présentés dans des paquets de 150 grammes. Vous pourrez déguster la douceur extrême du Maragogype, les notes fruitées du café Colombien Excelso, le parfait équilibre de notre Mélange Delahaut, le pur arabica du Tarrazu de Costa Rica, l''élégance du café de Nicaragua mais également la persistance et la petite pointe d''acidité qu''on retrouve dans le café supérieur du Kenya... Un vrai voyage dans merveilleux monde du café !', 6, 1),
(7, 'C’est un café arabica corsé, puissant avec toutefois une pointe d’acidité qui rend un équilibre divin. De toutes les régions productrices de café arabica celle de la vallée centrale du Tarrazu est la plus renommée. Aussi appelée « Los Santos », la région du Tarrazu est un prestigieux terroir de la cordillère centre-américaine, située entre 1600 et 2000 m. d’altitude. Afin de préserver ses variétés d’Arabicas telles que le Typica, le Caturra et le Villa Sarchi, l’État a interdit la production du Robusta sur son territoire. Le café du Costa Rica est souvent utilisé par les baristas en raison de sa qualité et de son corps remarquables. Ce café est tout simplement savoureux!', 7, 1),
(8, 'A l''intérieur de la Box Découverte, vous découvrirez 6 grands crus et une fiche explicative sur les différentes origines. Les cafés sont présentés dans des paquets de 150 grammes. Vous pourrez déguster la douceur extrême du Maragogype, les notes fruitées du café Colombien Excelso, le parfait équilibre de notre Mélange Delahaut, le pur arabica du Tarrazu de Costa Rica, l''élégance du café de Nicaragua mais également la persistance et la petite pointe d''acidité qu''on retrouve dans le café supérieur du Kenya... Un vrai voyage dans merveilleux monde du café !', 8, 1),
(9, 'C’est un café arabica corsé, puissant avec toutefois une pointe d’acidité qui rend un équilibre divin. De toutes les régions productrices de café arabica celle de la vallée centrale du Tarrazu est la plus renommée. Aussi appelée « Los Santos », la région du Tarrazu est un prestigieux terroir de la cordillère centre-américaine, située entre 1600 et 2000 m. d’altitude. Afin de préserver ses variétés d’Arabicas telles que le Typica, le Caturra et le Villa Sarchi, l’État a interdit la production du Robusta sur son territoire. Le café du Costa Rica est souvent utilisé par les baristas en raison de sa qualité et de son corps remarquables. Ce café est tout simplement savoureux!', 9, 1),
(10, 'A l''intérieur de la Box Découverte, vous découvrirez 6 grands crus et une fiche explicative sur les différentes origines. Les cafés sont présentés dans des paquets de 150 grammes. Vous pourrez déguster la douceur extrême du Maragogype, les notes fruitées du café Colombien Excelso, le parfait équilibre de notre Mélange Delahaut, le pur arabica du Tarrazu de Costa Rica, l''élégance du café de Nicaragua mais également la persistance et la petite pointe d''acidité qu''on retrouve dans le café supérieur du Kenya... Un vrai voyage dans merveilleux monde du café !', 10, 1),
(11, 'C’est un café arabica corsé, puissant avec toutefois une pointe d’acidité qui rend un équilibre divin. De toutes les régions productrices de café arabica celle de la vallée centrale du Tarrazu est la plus renommée. Aussi appelée « Los Santos », la région du Tarrazu est un prestigieux terroir de la cordillère centre-américaine, située entre 1600 et 2000 m. d’altitude. Afin de préserver ses variétés d’Arabicas telles que le Typica, le Caturra et le Villa Sarchi, l’État a interdit la production du Robusta sur son territoire. Le café du Costa Rica est souvent utilisé par les baristas en raison de sa qualité et de son corps remarquables. Ce café est tout simplement savoureux!', 11, 1),
(12, 'A l''intérieur de la Box Découverte, vous découvrirez 6 grands crus et une fiche explicative sur les différentes origines. Les cafés sont présentés dans des paquets de 150 grammes. Vous pourrez déguster la douceur extrême du Maragogype, les notes fruitées du café Colombien Excelso, le parfait équilibre de notre Mélange Delahaut, le pur arabica du Tarrazu de Costa Rica, l''élégance du café de Nicaragua mais également la persistance et la petite pointe d''acidité qu''on retrouve dans le café supérieur du Kenya... Un vrai voyage dans merveilleux monde du café !', 12, 1),
(13, 'C’est un café arabica corsé, puissant avec toutefois une pointe d’acidité qui rend un équilibre divin. De toutes les régions productrices de café arabica celle de la vallée centrale du Tarrazu est la plus renommée. Aussi appelée « Los Santos », la région du Tarrazu est un prestigieux terroir de la cordillère centre-américaine, située entre 1600 et 2000 m. d’altitude. Afin de préserver ses variétés d’Arabicas telles que le Typica, le Caturra et le Villa Sarchi, l’État a interdit la production du Robusta sur son territoire. Le café du Costa Rica est souvent utilisé par les baristas en raison de sa qualité et de son corps remarquables. Ce café est tout simplement savoureux!', 13, 1),
(14, 'A l''intérieur de la Box Découverte, vous découvrirez 6 grands crus et une fiche explicative sur les différentes origines. Les cafés sont présentés dans des paquets de 150 grammes. Vous pourrez déguster la douceur extrême du Maragogype, les notes fruitées du café Colombien Excelso, le parfait équilibre de notre Mélange Delahaut, le pur arabica du Tarrazu de Costa Rica, l''élégance du café de Nicaragua mais également la persistance et la petite pointe d''acidité qu''on retrouve dans le café supérieur du Kenya... Un vrai voyage dans merveilleux monde du café !', 14, 1),
(15, 'C’est un café arabica corsé, puissant avec toutefois une pointe d’acidité qui rend un équilibre divin. De toutes les régions productrices de café arabica celle de la vallée centrale du Tarrazu est la plus renommée. Aussi appelée « Los Santos », la région du Tarrazu est un prestigieux terroir de la cordillère centre-américaine, située entre 1600 et 2000 m. d’altitude. Afin de préserver ses variétés d’Arabicas telles que le Typica, le Caturra et le Villa Sarchi, l’État a interdit la production du Robusta sur son territoire. Le café du Costa Rica est souvent utilisé par les baristas en raison de sa qualité et de son corps remarquables. Ce café est tout simplement savoureux!', 15, 1),
(16, 'It is a full-bodied, powerful arabica coffee with a hint of acidity which gives a divine balance. Of all the Arabica coffee producing regions, that of the central Tarrazu valley is the most renowned. Also called "Los Santos", the Tarrazu region is a prestigious region of the Central American cordillera, located between 1600 and 2000 m. altitude. In order to preserve its varieties of Arabas such as Typica, Caturra and Villa Sarchi, the state has banned the production of Robusta on its territory. Costa Rican coffee is often used by baristas because of its remarkable quality and body. This coffee is simply tasty!', 1, 2),
(17, 'Inside the Discovery Box, you will discover 6 Grands Crus and an explanatory sheet on the different origins. The coffees are presented in packages of 150 grams. You can taste the extreme sweetness of the Maragogype, the fruity notes of the Colombian Excelso coffee, the perfect balance of our Delahaut blend, the pure Arabica from Tarrazu from Costa Rica, the elegance of Nicaragua coffee but also the persistence and the hint of acidity found in Kenya''s top coffee ... A real journey into the wonderful world of coffee!', 2, 2),
(18, 'It is a full-bodied, powerful arabica coffee with a hint of acidity which gives a divine balance. Of all the Arabica coffee producing regions, that of the central Tarrazu valley is the most renowned. Also called "Los Santos", the Tarrazu region is a prestigious region of the Central American cordillera, located between 1600 and 2000 m. altitude. In order to preserve its varieties of Arabas such as Typica, Caturra and Villa Sarchi, the state has banned the production of Robusta on its territory. Costa Rican coffee is often used by baristas because of its remarkable quality and body. This coffee is simply tasty!', 3, 2),
(19, 'Inside the Discovery Box, you will discover 6 Grands Crus and an explanatory sheet on the different origins. The coffees are presented in packages of 150 grams. You can taste the extreme sweetness of the Maragogype, the fruity notes of the Colombian Excelso coffee, the perfect balance of our Delahaut blend, the pure Arabica from Tarrazu from Costa Rica, the elegance of Nicaragua coffee but also the persistence and the hint of acidity found in Kenya''s top coffee ... A real journey into the wonderful world of coffee!', 4, 2),
(20, 'It is a full-bodied, powerful arabica coffee with a hint of acidity which gives a divine balance. Of all the Arabica coffee producing regions, that of the central Tarrazu valley is the most renowned. Also called "Los Santos", the Tarrazu region is a prestigious region of the Central American cordillera, located between 1600 and 2000 m. altitude. In order to preserve its varieties of Arabas such as Typica, Caturra and Villa Sarchi, the state has banned the production of Robusta on its territory. Costa Rican coffee is often used by baristas because of its remarkable quality and body. This coffee is simply tasty!', 5, 2),
(21, 'Inside the Discovery Box, you will discover 6 Grands Crus and an explanatory sheet on the different origins. The coffees are presented in packages of 150 grams. You can taste the extreme sweetness of the Maragogype, the fruity notes of the Colombian Excelso coffee, the perfect balance of our Delahaut blend, the pure Arabica from Tarrazu from Costa Rica, the elegance of Nicaragua coffee but also the persistence and the hint of acidity found in Kenya''s top coffee ... A real journey into the wonderful world of coffee!', 6, 2),
(22, 'It is a full-bodied, powerful arabica coffee with a hint of acidity which gives a divine balance. Of all the Arabica coffee producing regions, that of the central Tarrazu valley is the most renowned. Also called "Los Santos", the Tarrazu region is a prestigious region of the Central American cordillera, located between 1600 and 2000 m. altitude. In order to preserve its varieties of Arabas such as Typica, Caturra and Villa Sarchi, the state has banned the production of Robusta on its territory. Costa Rican coffee is often used by baristas because of its remarkable quality and body. This coffee is simply tasty!', 7, 2),
(23, 'Inside the Discovery Box, you will discover 6 Grands Crus and an explanatory sheet on the different origins. The coffees are presented in packages of 150 grams. You can taste the extreme sweetness of the Maragogype, the fruity notes of the Colombian Excelso coffee, the perfect balance of our Delahaut blend, the pure Arabica from Tarrazu from Costa Rica, the elegance of Nicaragua coffee but also the persistence and the hint of acidity found in Kenya''s top coffee ... A real journey into the wonderful world of coffee!', 8, 2),
(24, 'It is a full-bodied, powerful arabica coffee with a hint of acidity which gives a divine balance. Of all the Arabica coffee producing regions, that of the central Tarrazu valley is the most renowned. Also called "Los Santos", the Tarrazu region is a prestigious region of the Central American cordillera, located between 1600 and 2000 m. altitude. In order to preserve its varieties of Arabas such as Typica, Caturra and Villa Sarchi, the state has banned the production of Robusta on its territory. Costa Rican coffee is often used by baristas because of its remarkable quality and body. This coffee is simply tasty!', 9, 2),
(25, 'Inside the Discovery Box, you will discover 6 Grands Crus and an explanatory sheet on the different origins. The coffees are presented in packages of 150 grams. You can taste the extreme sweetness of the Maragogype, the fruity notes of the Colombian Excelso coffee, the perfect balance of our Delahaut blend, the pure Arabica from Tarrazu from Costa Rica, the elegance of Nicaragua coffee but also the persistence and the hint of acidity found in Kenya''s top coffee ... A real journey into the wonderful world of coffee!', 10, 2),
(26, 'It is a full-bodied, powerful arabica coffee with a hint of acidity which gives a divine balance. Of all the Arabica coffee producing regions, that of the central Tarrazu valley is the most renowned. Also called "Los Santos", the Tarrazu region is a prestigious region of the Central American cordillera, located between 1600 and 2000 m. altitude. In order to preserve its varieties of Arabas such as Typica, Caturra and Villa Sarchi, the state has banned the production of Robusta on its territory. Costa Rican coffee is often used by baristas because of its remarkable quality and body. This coffee is simply tasty!', 11, 2),
(27, 'Inside the Discovery Box, you will discover 6 Grands Crus and an explanatory sheet on the different origins. The coffees are presented in packages of 150 grams. You can taste the extreme sweetness of the Maragogype, the fruity notes of the Colombian Excelso coffee, the perfect balance of our Delahaut blend, the pure Arabica from Tarrazu from Costa Rica, the elegance of Nicaragua coffee but also the persistence and the hint of acidity found in Kenya''s top coffee ... A real journey into the wonderful world of coffee!', 12, 2),
(28, 'It is a full-bodied, powerful arabica coffee with a hint of acidity which gives a divine balance. Of all the Arabica coffee producing regions, that of the central Tarrazu valley is the most renowned. Also called "Los Santos", the Tarrazu region is a prestigious region of the Central American cordillera, located between 1600 and 2000 m. altitude. In order to preserve its varieties of Arabas such as Typica, Caturra and Villa Sarchi, the state has banned the production of Robusta on its territory. Costa Rican coffee is often used by baristas because of its remarkable quality and body. This coffee is simply tasty!', 13, 2),
(29, 'Inside the Discovery Box, you will discover 6 Grands Crus and an explanatory sheet on the different origins. The coffees are presented in packages of 150 grams. You can taste the extreme sweetness of the Maragogype, the fruity notes of the Colombian Excelso coffee, the perfect balance of our Delahaut blend, the pure Arabica from Tarrazu from Costa Rica, the elegance of Nicaragua coffee but also the persistence and the hint of acidity found in Kenya''s top coffee ... A real journey into the wonderful world of coffee!', 14, 2),
(30, 'It is a full-bodied, powerful arabica coffee with a hint of acidity which gives a divine balance. Of all the Arabica coffee producing regions, that of the central Tarrazu valley is the most renowned. Also called "Los Santos", the Tarrazu region is a prestigious region of the Central American cordillera, located between 1600 and 2000 m. altitude. In order to preserve its varieties of Arabas such as Typica, Caturra and Villa Sarchi, the state has banned the production of Robusta on its territory. Costa Rican coffee is often used by baristas because of its remarkable quality and body. This coffee is simply tasty!', 15, 2);

INSERT INTO user (username, password, authorities, accountnonexpired, accountnonlocked, credentialsnonexpired, enabled, firstname, lastname, email, deliveredaddress, phone, vatnum, society, languageid)
VALUES
('john@doe.com', '$2a$10$169dMN7GUf4/2eYxCZJipuj9Ik3S9UyqeML4AWoYiqiBKqMGPb4NO', '',  1, 1, 1, 1, 'John', 'Doe', 'john@doe.com', 'Rue du pont 42', '0470789632', '1234567890', 'BlackStar', 2);